Question,Answer
"ابزار گزارش‌ساز نسل ۴ برای چه هدف اصلی طراحی شده است؟","برای توانمندسازی کاربران جهت ایجاد، سفارشی‌سازی و تولید گزارش‌های اختصاصی به شیوه‌ای کارآمد و مؤثر."
"کاربران اصلی ابزار گزارش‌ساز نسل ۴ چه کسانی هستند؟","تحلیلگران، مدیران و مدیران اجرایی."
"مفهوم ""Business Object"" در ابزار گزارش‌ساز نسل ۴ چیست و چه مزیتی دارد؟","""Business Object"" به ""داده‌های تحلیل شده"" اطلاق می‌شود که کاربران را از نوشتن فرمول‌های پیچیده بی‌نیاز کرده و به آنها اجازه می‌دهد از طریق تنظیمات مختلف گزارش‌های متنوعی ایجاد کنند."
"هدف اصلی ابزار گزارش‌ساز در زمینه دسترسی به داده‌ها چیست؟","هدف اصلی آن، افزایش قابلیت دسترسی و تفسیر داده‌ها در سیستم است تا کاربران بتوانند داده‌های خام را به اطلاعات معنی‌دار تبدیل کرده و تصمیم‌گیری آگاهانه را تسهیل کنند."
"ابزار گزارش‌ساز چگونه به کاهش وابستگی به بخش فناوری اطلاعات کمک می‌کند؟","این ابزار با ارائه یک رابط کاربرپسند و گزینه‌های سفارشی‌سازی قوی، فرآیند گزارش‌دهی را ساده کرده و موجب کاهش وابستگی به بخش‌های فناوری اطلاعات و زمان‌بندی سریع‌تر گزارش‌ها می‌شود."
"پس از ایجاد یک گزارش با استفاده از ابزار گزارش‌ساز نسل ۴، چه اقداماتی می‌توان روی آن انجام داد؟","کاربر می‌تواند گزارش ایجاد شده را در سیستم ذخیره کرده یا با دیگر کاربران به اشتراک گذارد."
"استفاده از ابزار گزارش‌ساز نسل ۴ چه تأثیری بر فرآیند تصمیم‌گیری در یک سازمان دارد؟","این ابزار با تبدیل داده‌های خام به اطلاعات معنی‌دار، تصمیم‌گیری آگاهانه را در سازمان تسهیل می‌کند."
"ابزار ساخت گزارش چه امکانات کلی را برای کاربران فراهم می‌کند؟","مجموع امکانات شامل تنظیم ستون‌ها، تنظیم پارامترهای ورودی و فیلتر، تنظیم ردیف‌های تجمیعی، گروه‌بندی و تجمیع اطلاعات، ارتباط با سایر گزارش‌ها، مدیریت و دسته‌بندی گزارش‌ها، و طراحی الگوهای چاپ می‌باشد."
"در ابزار ساخت گزارش، ستون‌های گزارش بر چه اساسی تنظیم می‌شوند؟","ستون‌های گزارش با استفاده از مجموعه داده‌های قابل استفاده که با عنوان Business Object شناخته می‌شوند، تنظیم می‌گردند."
"برای کنترل داده‌های ورودی و اعمال شروط بر روی اطلاعات گزارش از کدام قابلیت استفاده می‌شود؟","از قابلیت ""تنظیمات مربوط به پارامترهای ورودی و فیلتر اطلاعات"" استفاده می‌شود."
"ابزار ساخت گزارش چه قابلیت‌هایی برای خلاصه‌سازی و نمایش تجمعی داده‌ها ارائه می‌دهد؟","این ابزار امکان ""تنظیم ردیف های تجمیعی و مقادیر قابل نمایش"" و همچنین ""گروهبندی و تجمیع اطلاعات در گروه"" را فراهم می‌کند."
"کدام ویژگی در ابزار ساخت گزارش به کاربران اجازه می‌دهد تا گزارش‌های خود را سازماندهی کنند؟","قابلیت ""مدیریت و دسته بندی گزارش ها"" به کاربران این امکان را می‌دهد."
"به منظور آماده‌سازی گزارش برای ارائه چاپی، کدام قابلیت در ابزار ساخت گزارش پیش‌بینی شده است؟","قابلیت ""طراحی الگوهای چاپ"" برای این منظور در نظر گرفته شده است."
"در گزارش‌ساز نسل ۴، دو دسته اصلی بیزنس آبجکت (مجموعه داده) کدامند؟","دو دسته اصلی بیزنس آبجکت شامل بیزنس آبجکت‌های عمومی و مدیریتی است."
"هدف اصلی از طراحی بیزنس آبجکت‌های مدیریتی چیست؟","هدف اصلی آن‌ها، ترکیب اطلاعات موجودیت‌های مختلف با یک موضوع مشخص و ساده‌سازی ساخت گزارش با اطلاعات تجمیع‌شده است."
"چه ویژگی‌هایی در بیزنس آبجکت‌های مدیریتی برای کار با داده‌های حجیم بهینه‌سازی شده است؟","سرعت و عملکرد آن‌ها برای داده‌های با حجم بالا تنظیم و کنترل شده و سعی شده تمام ستون‌های مرتبط با موضوع در آن‌ها گنجانده شود تا دسترسی کاربر سریع و آسان باشد."
"کاربران در چه شرایطی معمولا از بیزنس آبجکت‌های عمومی برای ساخت گزارش استفاده می‌کنند؟","معمولاً زمانی از این نوع بیزنس آبجکت‌ها استفاده می‌شود که کاربر نیاز به مشاهده و استفاده از فیلدهای تکمیلی در گزارش خود داشته باشد."
"هدف اصلی بیزنس آبجکت‌های عمومی چیست؟","هدف اصلی آن‌ها ارائه دسترسی ساده و راحت به کاربر به اطلاعات اصلی یک موضوع به همراه تمامی اطلاعات مربوط به بیزنس آبجکت‌های مرتبط با آن است."
"بر اساس مثال ""قلم سند انبار""، ساختار بیزنس آبجکت‌های عمومی چگونه است؟","این بیزنس آبجکت‌ها شامل اطلاعات اصلی یک موجودیت هستند و اطلاعات موجودیت‌های مرتبط با آن نیز به صورت سلسله مراتبی نمایش داده می‌شوند و کاربر می‌تواند از آن‌ها ستون انتخاب کند."
"در ابزار گزارش‌ساز، چگونه می‌توان نوع ارتباط بین بیزنس آبجکت‌های مرتبط را تغییر داد؟","برای تغییر نوع ارتباط، باید بر روی علامت >| در کنار بیزنس آبجکت مرتبط راست کلیک کرده و یکی از گزینه‌های موجود (inner join یا left join) را انتخاب نمود."
"نوع ارتباط پیش‌فرض بین بیزنس آبجکت‌های مرتبط در گزارش‌ساز چیست؟","به صورت پیش‌فرض، نوع ارتباط بر روی left join تنظیم شده است."
"چه تفاوتی در ماهیت داده‌های ارائه شده توسط بیزنس آبجکت‌های مدیریتی و عمومی وجود دارد؟","بیزنس آبجکت‌های مدیریتی اطلاعات تجمیع‌شده و بهینه‌شده را ارائه می‌دهند، در حالی که بیزنس آبجکت‌های عمومی دسترسی به اطلاعات اصلی یک موجودیت به همراه تمام جزئیات و فیلدهای تکمیلی از موجودیت‌های مرتبط را فراهم می‌کنند."
"با توجه به توضیحات، چه مزیتی در تفکیک بیزنس آبجکت‌ها به دو دسته مدیریتی و عمومی برای کاربران وجود دارد؟","این تفکیک به کاربران اجازه می‌دهد تا بر اساس نیاز خود، بین سرعت و سادگی در گزارش‌های تجمیعی (مدیریتی) و انعطاف‌پذیری و دسترسی به جزئیات کامل (عمومی) یکی را انتخاب کنند."
"گزارش جدولی ساده چه نوع گزارشی است؟","این نوع گزارش، گزارشی است که کاربر نیاز دارد خروجی آن را بیشتر در قالب یک جدول اطلاعاتی مشاهده کند."
"برای ساخت یک گزارش جدولی ساده، چه مجموعه تنظیماتی در دسترس کاربر قرار دارد؟","کاربر می‌تواند تنظیماتی چون افزودن ستون‌های اطلاعاتی، مرتب‌سازی ردیف‌ها و ستون‌ها، تعریف ردیف تجمیعی، گروه‌بندی داده‌ها، تعریف پارامترهای ورودی، و اعمال فیلترها را انجام دهد."
"در ساخت گزارش‌های جدولی ساده، قابلیت ""مرتب سازی"" چه امکانی را فراهم می‌کند؟","قابلیت مرتب‌سازی به کاربر اجازه می‌دهد تا ترتیب نمایش اطلاعات در ردیف‌ها و همچنین ترتیب ستون‌ها را مشخص کند."
"برای نمایش مقادیر کلی و نهایی در یک گزارش جدولی ساده از کدام قابلیت استفاده می‌شود؟","برای این کار از قابلیت ""ردیف تجمیعی"" استفاده می‌شود که مقادیر تجمیعی را در ردیفی در بالا یا پایین گزارش نمایش می‌دهد."
"تفاوت بین قابلیت ""ردیف تجمیعی"" و ""گروه‌بندی"" در گزارش جدولی ساده چیست؟","""ردیف تجمیعی"" مقادیر کل گزارش را در یک ردیف نمایش می‌دهد، در حالی که ""گروه‌بندی"" داده‌ها را دسته‌بندی کرده و مقادیر تجمیعی را به تفکیک هر گروه نشان می‌دهد."
"در فرآیند ساخت گزارش جدولی، چگونه می‌توان نمایش بخشی از اطلاعات را در خروجی نهایی محدود کرد؟","از طریق اعمال ""فیلترها"" می‌توان بخشی از اطلاعات را محدود کرد تا در خروجی گزارش نمایش داده نشود."
"قابلیت ""پارامترها"" در ساخت گزارش جدولی ساده چه کاربردی دارد؟","این قابلیت به کاربر اجازه می‌دهد تا برای گزارش، پارامترهای ورودی تعریف کرده و مقادیر پیش‌فرض آن‌ها را نیز مشخص نماید."
"قابلیت ""ارتباط با گزارش دیگر"" در یک سیستم گزارش‌ساز چه هدفی را دنبال می‌کند؟","هدف این قابلیت، ساده‌سازی دسترسی به اطلاعات از طریق فراخوانی سایر گزارش‌ها در گزارش مورد نظر است."
"فراخوانی یک گزارش در گزارش دیگر چه مزیتی برای کاربر ایجاد می‌کند؟","این کار باعث سادگی در دسترسی به اطلاعات مرتبطی می‌شود که در گزارش‌های دیگر وجود دارند."
"چه نوع مقادیر پیش‌فرضی برای پارامترهای عددی و متنی قابل قبول است؟","برای پارامترهای عددی تنها اعداد و ارقام، و برای پارامترهای متنی، متنی متشکل از حروف، اعداد، عبارات و علامت‌ها قابل قبول است."
"دو روش اصلی برای تعیین مقدار پیش‌فرض در پارامترهای از نوع تاریخ چیست؟","روش اول انتخاب یک تاریخ مشخص از تقویم (با علامت T) و روش دوم انتخاب از بین مقادیر مشخص و نسبی مانند ""امروز"" یا ""ابتدای ماه جاری"" است."
"مقدار پیش‌فرض یک پارامتر تاریخ نسبی (مانند ""امروز"")، بر اساس تاریخ ساخت گزارش تعیین می‌شود یا تاریخ اجرای آن؟","این مقادیر با توجه به زمان اجرای گزارش محاسبه شده و ارتباطی با تاریخ ساخت گزارش ندارند."
"اگر گزارشی با پارامتر تاریخ ""ابتدای ماه جاری"" در تاریخ ۱۴۰۳/۰۸/۱۴ اجرا شود، مقدار پیش‌فرض پارامتر چه خواهد بود؟","مقدار پیش‌فرض تاریخ، ۱۴۰۳/۰۸/۰۱ خواهد بود."
"منظور از ""پارامترهای لیست ثابت"" چیست و یک مثال برای آن بیاورید.","پارامتری است که مقدار آن از بین یک لیست کوتاه و از پیش تعریف شده انتخاب می‌شود، مانند پارامتر ""وضعیت سند"" با مقادیر قابل انتخاب ""یادداشت، موقت، بررسی شده، و قطعی شده""."
"""پارامترهای منطقی"" معمولاً چه شکل و ساختاری دارند؟","مقادیر قابل انتخاب برای این نوع پارامتر معمولاً به صورت دو انتخابی و یا یک Checkbox است."
"منبع داده‌های ""پارامترهای موجودیت مرتبط"" کجاست و چه کمکی به کاربر می‌کند؟","مقادیر این پارامترها از سایر اطلاعات موجود در سیستم دریافت می‌شود (مانند لیست شرکت‌ها) و اطلاعات تکمیلی مانند کد و نام را برای انتخاب دقیق‌تر به کاربر نمایش می‌دهد."
"تفاوت اصلی بین منبع مقادیر در ""پارامتر لیست ثابت"" و ""پارامتر موجودیت مرتبط"" چیست؟","مقادیر پارامتر لیست ثابت، یک فهرست کوتاه و از پیش تعیین شده است، در حالی که مقادیر پارامتر موجودیت مرتبط به صورت پویا از دیگر داده‌های ثبت شده در سیستم (مانند فهرست مشتریان یا شرکت‌ها) خوانده می‌شود."
"آیا مقادیر پیش‌فرض پارامترها برای کاربری که گزارش را اجرا می‌کند، غیرقابل تغییر است؟","خیر، این مقادیر در صورتی که پارامتر ویرایش‌پذیر باشد، توسط کاربر اجرا کننده گزارش قابل تغییر هستند."
"از نظر تعداد مقادیر قابل انتخاب به عنوان پیش‌فرض، پارامترها به چند دسته تقسیم می‌شوند؟","به دو دسته: برخی قابلیت انتخاب چندین مقدار را به عنوان پیش‌فرض دارند و برخی دیگر تک انتخابی هستند."
"چگونه می‌توان یک پارامتر را از دید کاربر در زمان اجرای گزارش مخفی کرد؟","در صورتی که نیازی به نمایش پارامتر نباشد، می‌توان بر روی علامت چشم در انتهای ردیف آن پارامتر کلیک کرده و آن را غیرفعال نمود."
"علامت ""چشم با خطی بر روی آن"" در کنار یک پارامتر، بیانگر چیست؟","این علامت نشان می‌دهد که پارامتر مورد نظر در زمان اجرا و در حالت پیش‌نمایش به کاربر اجرا کننده گزارش نمایش داده نخواهد شد."
"در چه شرایطی امکان غیرفعال کردن و مخفی کردن نمایش یک پارامتر وجود ندارد؟","برای ستون‌ها یا پارامترهایی که بر اساس آن‌ها عملیات گروه‌بندی یا مرتب‌سازی گزارش انجام شده باشد، امکان غیرفعال کردن نمایش وجود ندارد."
"قانون عدم امکان مخفی‌سازی پارامترهای مورد استفاده در گروه‌بندی یا مرتب‌سازی، چه چیزی را درباره اهمیت این پارامترها نشان می‌دهد؟","این قانون نشان می‌دهد که این پارامترها برای درک ساختار و ترتیب اطلاعات گزارش ضروری هستند و نمایش آن‌ها برای فهم خروجی نهایی، الزامی است."
"اگر قابلیت ویرایش یک پارامتر در زمان اجرا غیرفعال شود، چه اتفاقی در عمل می‌افتد؟","در زمان اجرا و یا پیش‌نمایش گزارش، مقدار پارامترهای غیرقابل ویرایش، توسط کاربر قابل تغییر نخواهد بود."
"در زمان اجرای یک گزارش، رفتار پارامترهای ""غیرقابل نمایش"" و ""غیرقابل ویرایش"" چگونه است؟","پارامترهای غیرقابل نمایش دیده نمی‌شوند و مقدار پارامترهای غیرقابل ویرایش توسط کاربر قابل تغییر نیست."
"اصلی‌ترین کاربرد قابلیت ""فیلتر اطلاعات"" در گزارش‌ها چیست؟","این قابلیت به منظور محدود کردن اطلاعات در خروجی نهایی گزارش مورد استفاده قرار می‌گیرد."
"برای اینکه یک ستون در بخش فیلترها قابل انتخاب و استفاده باشد، چه پیش‌نیازی وجود دارد؟","فقط ستون‌هایی که در مرحله ساخت گزارش انتخاب شده‌اند، در بخش فیلتر نمایش داده شده و قابل استفاده هستند."
"دو مثال کاربردی برای استفاده از فیلتر اطلاعات در گزارش‌ها را بیان کنید.","یک مثال محدود کردن گزارش ""گردش و مانده حساب‌ها"" به نقش ""مشتری"" است. مثال دیگر، محدود کردن گزارش اسناد انبار به یک یا چند انبار خاص است."
"چه رابطه‌ای بین پارامترهای اختصاصی کاربر و بخش فیلترها وجود دارد؟","پس از ایجاد یک پارامتر اختصاصی، باید در بخش فیلترها نحوه فیلتر شدن اطلاعات بر اساس آن پارامتر تعریف شود تا تأثیر آن در خروجی گزارش مشخص گردد."
"چند نمونه از عملگرهایی که می‌توان برای فیلتر کردن یک ستون استفاده کرد را نام ببرید.","عملگرهایی مانند ""برابر باشد با (=)"", ""برابر نباشد با (!=)"", ""بزرگتر (>)"", ""کوچکتر (<)"", ""شروع شود با (=^)"", و ""خالی (--)""."
"پس از انتخاب ستون و عملگر، برای تعیین مقدار فیلتر چه گزینه‌هایی وجود دارد؟","دو گزینه وجود دارد: ""پارامتر"" که مربوط به پارامترهای اختصاصی کاربر است و ""دستی"" که برای مقداردهی مستقیم استفاده می‌شود."
"گزینه مقداردهی ""دستی"" در فیلتر چگونه کار می‌کند؟","این گزینه برای مقداردهی به ستون با توجه به نوع آن است. مثلاً برای ستون تاریخ، تقویم نمایش داده می‌شود و برای ستون‌های عددی یا متنی، امکان ورود مقدار متناسب با آنها فراهم است."
"برای کدام انواع ستون‌ها می‌توان در بخش فیلتر، بیش از یک مقدار را به صورت همزمان انتخاب کرد؟","برای ستون‌های با نوع ""لیست ثابت"" و ""موجودیت"" امکان انتخاب یک یا چند مقدار وجود دارد."
"برای نهایی کردن و اعمال یک فیلتر پس از تعیین مقدار آن، چه اقدام مهمی باید انجام شود؟","بعد از تعیین مقدار، حتماً باید با فشردن دکمه ""Enter"" فیلتر را نهایی کرد."
"اگر کاربر پس از تعیین مقدار برای یک فیلتر، کلید Enter را فشار ندهد، چه اتفاقی می‌افتد؟","در این صورت فیلتر نهایی نشده و امکان اعمال آن در خروجی گزارش وجود ندارد."
"در چه شرایطی یک کاربر می‌تواند پارامترهای ورودی جدیدی برای یک گزارش ایجاد کند؟","در زمان ساخت گزارش، چنانچه نیاز به پارامترهای ورودی بیشتری وجود داشته باشد، کاربر می‌تواند آن‌ها را در گزارش خود ایجاد نماید."
"امکان ساخت پارامترهای اختصاصی جدید برای یک گزارش به چه عاملی بستگی دارد؟","ساخت پارامترهای جدید، به ستون‌ها و اطلاعاتی وابسته است که در حال حاضر در ساخت خود گزارش به کار رفته‌اند."
"با ذکر یک مثال توضیح دهید که چگونه نیاز به فیلتر یک ستونِ موجود در گزارش، منجر به تعریف یک پارامتر اختصاصی می‌شود.","برای نمونه، چنانچه در گزارش گردش حساب از ستون ""نقش طرح تجاری"" استفاده شده باشد و نیاز به فیلتر این اطلاعات در زمان اجرا باشد، می‌توان یک پارامتر اختصاصی برای آن ستون تعریف کرد."
"برای ایجاد یک پارامتر اختصاصی جدید در گزارش‌ساز، چه مسیری را باید دنبال کرد؟","در تب ""پارامترها و فیلترها""، قسمت ""پارامترها""، باید بر روی دکمه ""جدید"" که در سمت چپ قرار دارد کلیک کرد."
"برای کدام انواع داده می‌توان پارامتر اختصاصی تعریف کرد؟ (حداقل ۵ مورد)","می‌توان برای انواع داده مانند عدد صحیح، عدد ممیزی، متنی، تاریخ، لیست ثابت، موجودیت مرتبط و منطقی پارامتر ایجاد کرد."
"تفاوت اصلی پارامترهای اختصاصی و پارامترهای استاندارد از نظر قابلیت حذف چیست؟","پارامترهای اختصاصی که توسط کاربر ایجاد می‌شوند قابل حذف هستند، در حالی که پارامترهای استاندارد مربوط به بیزنس آبجکت را نمی‌توان حذف کرد."
"آیا پارامترهای استاندارد که مربوط به بیزنس آبجکت هستند، قابل حذف می‌باشند؟","خیر، این پارامترها قابلیت حذف ندارند و مقداردهی به آن‌ها در زمان اجرا الزامی است."
"پس از ایجاد یک پارامتر اختصاصی، چه اقدامی برای فعال‌سازی و قابل استفاده شدن آن الزامی است؟","یک پارامتر اختصاصی تنها زمانی قابلیت استفاده دارد که در قسمت ""فیلتر""، نحوه فیلتر کردن اطلاعات از طریق آن مشخص شده باشد."
"اگر کاربری یک پارامتر اختصاصی جدید بسازد ولی در خروجی گزارش تاثیری از آن نبیند، علت احتمالی چیست؟","علت احتمالی این است که پس از ساخت پارامتر، نحوه استفاده از آن برای فیلتر کردن اطلاعات را در بخش ""فیلتر"" تعریف نکرده است."
"پارامترهای اختصاصی را با پارامترهای استاندارد از نظر قابلیت حذف و الزام در مقداردهی مقایسه کنید.","پارامترهای اختصاصی قابل حذف هستند، اما پارامترهای استاندارد غیرقابل حذف بوده و مقداردهی به آنها در زمان اجرا حتماً باید انجام شود."
"برای اینکه یک پارامتر اختصاصی بتواند بر خروجی گزارش تأثیر بگذارد، چه کاری باید انجام شود؟","باید در قسمت فیلتر پیشرفته، نحوه فیلتر اطلاعات از طریق آن پارامتر جدید مشخص شود، در غیر این صورت تاثیری بر خروجی نخواهد داشت."
"مراحل کامل اعمال یک فیلتر با استفاده از پارامتر اختصاصی را به ترتیب بیان کنید.","a. انتخاب نام ستون برای فیلتر، b. انتخاب نوع فیلتر/عملگر، c. انتخاب ""پارامتر"" به عنوان نوع مقداردهی، d. انتخاب پارامتر اختصاصی مورد نظر از لیست، e. فشردن دکمه Enter برای ثبت فیلتر."
"در هنگام ساخت فیلتر برای یک پارامتر، چه قانونی در مورد تطابق نوع داده ستون و پارامتر وجود دارد؟","تنها پارامترهایی در لیست نمایش داده می‌شوند که نوع مقدار آن‌ها با نوع مقدار ستون انتخاب شده برای فیلتر، یکی باشد."
"اگر کاربری یک ستون با نوع داده عددی را برای فیلتر انتخاب کند، در لیست پارامترهای اختصاصی چه نوع پارامترهایی را مشاهده خواهد کرد؟","در این حالت، در لیست پارامترها، تنها پارامترهای اختصاصی از نوع عددی نمایش داده می‌شود."
"در فرآیند تعریف فیلتر، پس از انتخاب ستون و عملگر، برای استفاده از یک پارامتر اختصاصی کدام گزینه مقداردهی را باید انتخاب کرد؟","باید از بین دو گزینه ""دستی"" و ""پارامتر""، گزینه ""پارامتر"" را انتخاب نمود."
"آخرین و ضروری‌ترین اقدام برای ثبت و اعمال نهایی یک فیلتر پس از انجام تمام تنظیمات چیست؟","فشردن دکمه Enter برای ثبت و اعمال فیلتر."
"آیا هنگام تعریف فیلتر می‌توان یک پارامتر اختصاصی جدید که از قبل وجود نداشته، ایجاد کرد؟","بله، با کلیک بر روی دکمه ""جدید"" در لیست انتخاب پارامتر، امکان ایجاد پارامتر اختصاصی جدید وجود دارد."
"قابلیت ""فراخوانی گزارش"" یا ""ارتباط با گزارش دیگر"" به چه معناست؟","به امکانی گفته می‌شود که می‌توان بین دو گزارش جداگانه که اطلاعات مشترکی دارند (مانند شماره سند) ارتباط برقرار کرد و در لحظه نیاز، از یکی به دیگری دسترسی پیدا کرد."
"در مثال گزارش اسناد انبار، کاربر چگونه از گزارش ""لیست اسناد"" به گزارش ""اقلام سند"" دسترسی پیدا می‌کند؟","کاربر پس از اجرای گزارش لیست اسناد، با کلیک بر روی هر شماره سند، گزارشی حاوی اطلاعات اقلام همان سند را در یک Tab جداگانه مشاهده می‌کند."
"دو مزیت اصلی استفاده از قابلیت فراخوانی یک گزارش از خلال گزارشی دیگر چیست؟","دو مزیت اصلی آن عبارتند از: عدم نیاز به ساخت گزارش‌های سنگین با تنوع اطلاعات بالا، و دسترسی به سایر گزارش‌ها به ساده‌ترین و سریع‌ترین شکل."
"ویژگی ""ارتباط با گزارش دیگر"" چگونه به افزایش بهره‌وری کاربران کمک می‌کند؟","این ویژگی با کاهش زمان صرف شده برای پیمایش و جابجایی بین گزارش‌های مختلف، بهره‌وری را به طور قابل توجهی افزایش می‌دهد."
"برای اینکه بتوان بین دو گزارش ارتباط برقرار کرد، چه پیش‌نیاز اساسی بین آن دو گزارش باید وجود داشته باشد؟","باید بین دو گزارش، اطلاعات مشترکی وجود داشته باشد، مانند شماره سند انبار در مثالی که ذکر شد."
"چگونه قابلیت ""فراخوانی گزارش"" به جلوگیری از ساخت گزارش‌های پیچیده و سنگین کمک می‌کند؟","این قابلیت اجازه می‌دهد به جای قرار دادن تمام اطلاعات در یک گزارش واحد و سنگین، اطلاعات را به گزارش‌های کوچک‌تر و مرتبط تفکیک کرد و تنها در صورت نیاز به جزئیات، گزارش دوم را فراخوانی نمود."
"وقتی از طریق یک گزارش، گزارش دومی فراخوانی می‌شود، این گزارش جدید چگونه از نظر ظاهری به کاربر نمایش داده می‌شود؟","گزارش دوم در یک Tab جداگانه اجرا شده و به کاربر نمایش داده می‌شود."
"در فرآیند فراخوانی گزارش‌ها، منظور از ""گزارش اصلی"" چیست؟","گزارشی است که کاربر آن را اجرا می‌کند و داده‌های اصلی مورد نظر خود را در آن مشاهده می‌نماید."
"در زمینه ارتباط بین گزارش‌ها، ""گزارش فرعی"" به چه نوع گزارشی اطلاق می‌شود؟","گزارشی است که کاربر نیاز دارد تا از خلال یک گزارش دیگر (گزارش اصلی) به آن دسترسی پیدا کرده و آن را فراخوانی کند."
"نقش ""گزارش اصلی"" و ""گزارش فرعی"" را در فرآیند فراخوانی گزارش مقایسه کنید.","گزارش اصلی، گزارشی است که کاربر مستقیماً اجرا می‌کند، در حالی که گزارش فرعی، گزارشی است که از داخل گزارش اصلی فراخوانی و اجرا می‌شود."
"برای شروع تنظیمات ارتباط یک ستون با یک گزارش فرعی، چه اقدامی باید در تب ""تنظیمات ستون‌ها"" انجام داد؟","در بخش ""ارتباط با گزارش دیگر""، ستون مورد نظر را انتخاب کرده و بر روی آیتم (-) کلیک می‌کنیم تا مودال تنظیمات باز شود."
"در فرآیند انتخاب یک الگوی چاپ به عنوان گزارش فرعی، چه شرطی برای نمایش و انتخاب الگوها وجود دارد؟","فقط الگوهای چاپی که در وضعیت ""فعال"" هستند، نمایش داده شده و امکان انتخاب از بین آن‌ها وجود دارد."
"چرا تعیین مقدار پیش‌فرض برای پارامترهای یک گزارش فرعی در زمان تنظیم ارتباط، اجباری است؟","زیرا در زمان اجرای گزارش، امکان ویرایش پارامترهای گزارش فرعی وجود ندارد و برای جلوگیری از بروز مشکل، باید مقادیر پیش‌فرض از قبل مشخص شده باشند."
"سه روش اصلی برای مقداردهی به پارامترهای یک گزارش فرعی در حین تنظیم ارتباط کدامند؟","سه روش عبارتند از: ""از مقدار پارامتر""، ""از مقدار فیلد""، و ""دستی""."
"روش مقداردهی ""از مقدار پارامتر"" برای پارامترهای گزارش فرعی چگونه عمل می‌کند؟","با این روش، مقداری که کاربر در زمان اجرا به پارامتر گزارش اصلی می‌دهد، عیناً به پارامتر مورد نظر در گزارش فرعی منتقل می‌شود."
"چه زمانی کاربر از روش مقداردهی ""از مقدار فیلد"" برای پارامترهای گزارش فرعی استفاده می‌کند؟","زمانی که نیاز باشد مقدار یک فیلد یا سلول خاص از گزارش اصلی، به یک پارامتر در گزارش فرعی انتقال داده شود."
"در زمان اجرای گزارش اصلی، وضعیت پارامترهای گزارش فرعی که فراخوانی می‌شود، از نظر قابلیت ویرایش و نمایش چگونه است؟","این پارامترها پس از اجرا به صورت غیرقابل ویرایش به کاربر نمایش داده می‌شوند، اما می‌توان با استفاده از گزینه ""چشم""، نمایش آن‌ها را غیرفعال کرد."
"چگونه می‌توان نمایش پارامترهای یک گزارش فرعی را در خروجی نهایی برای کاربر غیرفعال کرد؟","در صورتی که نیازی به نمایش مقادیر نباشد، می‌توان با انتخاب گزینه ""چشم"" در مقابل هر پارامتر، نمایش آن را غیرفعال کرد."
"تفاوت اصلی بین روش‌های مقداردهی ""از مقدار پارامتر"" و ""از مقدار فیلد"" چیست؟","در روش ""از مقدار پارامتر""، مقدار یک پارامتر از گزارش اصلی به پارامتر گزارش فرعی منتقل می‌شود، اما در روش ""از مقدار فیلد""، مقدار یک سلول یا فیلد از ردیف کلیک شده در گزارش اصلی به پارامتر گزارش فرعی منتقل می‌گردد."
"مراحل اصلی تنظیم ارتباط با یک گزارش فرعی پس از باز شدن مودال تنظیمات را نام ببرید.","مراحل اصلی شامل: انتخاب گزارش فرعی، تنظیم استفاده از الگوی چاپ (در صورت نیاز)، و تنظیم پارامترهای گزارش فرعی (شامل تعیین نوع مقداردهی و مقدار) است."
"طراحی الگوهای قابل چاپ چه مزایایی برای کاربران و سازمان‌ها به همراه دارد؟","علاوه بر افزایش کیفیت و عملکرد، موجب افزایش انعطاف‌پذیری و کارایی گزارش شده و به کاربران امکان می‌دهد تا استانداردهای چاپ و برند سازمان خود را در طراحی الگوها منعکس کنند."
"گزارش‌های ایجاد شده در ""گزارش ساز نسل 4"" به طور پیش فرض با چه الگویی ساخته می‌شوند و این الگو شامل چه امکاناتی است؟","همواره با یک الگوی چاپ استاندارد و پیش‌فرض ایجاد می‌شوند که شامل سربرگ، پابرگ و بدنه گزارش است."
"سربرگ (Header) در الگوی چاپ پیش‌فرض شامل چه اطلاعاتی است؟","سربرگ شامل اطلاعات اولیه گزارش مانند نام آن، زمان اجرای گزارش و کاربر گزارش گیرنده می‌باشد."
"پابرگ (Footer) در الگوی استاندارد چاپ چه جزئیاتی را نمایش می‌دهد؟","پابرگ شامل اطلاعات مربوط به تعداد صفحات گزارش و شماره صفحه فعلی است."
"آیا امکان تغییر مستقیم ""الگوی استاندارد"" چاپ وجود دارد و راهکار جایگزین برای شخصی‌سازی چیست؟","امکان تغییر الگوی استاندارد وجود ندارد، اما می‌توان این الگو را شخصی‌سازی کرده و الگوی جدیدی از روی آن ایجاد نمود."
"بدنه گزارش در الگوی چاپ پیش فرض حاوی چه چیزی است؟","بدنه گزارش شامل جدولی است که حاوی اطلاعات مربوط به گزارش ایجاد شده می‌باشد."
"از قابلیت شخصی‌سازی الگوی استاندارد چه نتیجه‌ای در مورد رویکرد سیستم به سفارشی‌سازی می‌توان گرفت؟","این قابلیت نشان می‌دهد که سیستم ضمن ارائه یک استاندارد پایه و غیرقابل تغییر، به کاربران انعطاف‌پذیری لازم برای ایجاد الگوهای جدید و منطبق با نیازهای خاص خود را می‌دهد."
"برای دسترسی به الگوهای چاپی یک گزارش چند روش اصلی وجود دارد؟","دو روش اصلی برای دسترسی وجود دارد: یکی از طریق صفحه اجرای گزارش و دیگری از طریق فهرست گزارش‌های اختصاصی."
"در صفحه اجرای گزارش، کلیک مستقیم روی گزینه «چاپ» چه اقدامی را انجام می‌دهد؟","با انتخاب گزینه «چاپ»، مستقیما الگوی چاپ پیش‌فرض گزارش باز می‌شود."
"چگونه می‌توان در صفحه اجرای گزارش به لیستی از تمام الگوهای چاپ موجود برای آن گزارش دسترسی پیدا کرد؟","با انتخاب علامت مثلثی شکل در کنار گزینه «چاپ»، لیستی از الگوهای ایجاد شده برای آن گزارش قابل مشاهده و انتخاب خواهد بود."
"گزینه «مدیریت الگوهای چاپ» در چه شرایطی و در کجا در صفحه اجرای گزارش ظاهر می‌شود؟","در صورت داشتن دسترسی لازم، این گزینه در پایین لیست کشویی الگوهای چاپ (که با کلیک روی علامت مثلثی باز می‌شود) نمایش داده می‌شود."
"چگونه می‌توان از طریق فهرست گزارش‌های اختصاصی به صفحه «مدیریت الگوهای چاپ» یک گزارش خاص منتقل شد؟","با حرکت دادن موس بر روی نام گزارش در فهرست، علامت Sidebar نمایان می‌شود. با کلیک بر روی آن، لینکی برای انتقال به صفحه ""مدیریت الگوهای چاپ"" در قسمت پایین Sidebar قابل مشاهده خواهد بود."
"چه تفاوتی بین کلیک بر روی دکمه «چاپ» و کلیک بر روی علامت مثلثی کنار آن وجود دارد؟","کلیک بر روی دکمه «چاپ»، الگوی پیش‌فرض را باز می‌کند، در حالی که کلیک بر روی علامت مثلثی، لیستی از تمام الگوهای موجود را برای انتخاب نمایش می‌دهد."
"در صفحه مدیریت الگوهای چاپ، چه مواردی به کاربر نمایش داده می‌شود؟","در این صفحه، الگوی استاندارد گزارش به همراه سایر الگوهای ایجاد شده نمایش داده می‌شود."
"چه اطلاعاتی بر روی کارت هر الگو در صفحه مدیریت الگوهای چاپ قابل مشاهده است؟","اطلاعاتی مانند: نام الگو، نوع آن (سیستمی / اختصاصی)، وضعیت آن (فعال/ غیرفعال)، امکان ویرایش الگو و اینکه آیا الگوی پیش‌فرض است یا خیر."
"قانون مربوط به تعیین الگوی پیش‌فرض برای یک گزارش چیست؟","برای هر گزارش، تنها یک الگو می‌تواند به عنوان الگوی پیش‌فرض در نظر گرفته شود."
"تعیین یک الگو به عنوان پیش‌فرض، چه تأثیری در فرآیند چاپ از صفحه اجرای گزارش دارد؟","هنگامی که کاربر در صفحه اجرای گزارش گزینه «چاپ» را انتخاب می‌کند، الگویی که به عنوان پیش‌فرض تنظیم شده باز شده و برای چاپ آماده می‌شود."
"الگوهای چاپ در سیستم به چند نوع تقسیم می‌شوند و نام آن‌ها چیست؟","الگوها به دو نوع تقسیم می‌شوند: سیستمی و اختصاصی."
"وضعیت یک الگوی چاپ می‌تواند به چه حالت‌هایی تنظیم شود؟","وضعیت آن می‌تواند فعال یا غیرفعال باشد."
"برای ایجاد یک الگوی چاپ جدید چه روش‌هایی وجود دارد؟","ایجاد الگوی جدید از دو طریق امکان‌پذیر است: یکی از طریق سفارشی‌سازی الگوی استاندارد موجود، و دیگری از طریق ویرایش یک الگوی اختصاصی و ذخیره آن به عنوان یک الگوی جدید."
"در محیط طراحی الگو، چگونه می‌توان نمایش یک آیتم خاص را در خروجی چاپی غیرفعال کرد؟","با برداشتن تیک گزینه «نمایش در صفحه» برای آیتم انتخابی، آن آیتم در خروجی چاپ دیده نخواهد شد."
"چه محدودیتی برای جابجایی آیتم‌ها بین بخش‌های مختلف (مانند سربرگ و بدنه) در طراح الگو وجود دارد؟","آیتم‌ها تنها قابل جابجایی در بخش مربوط به خود هستند. برای مثال، امکان انتقال یک آیتم از سربرگ به بدنه گزارش وجود ندارد."
"فرآیند ذخیره‌سازی یک الگو که از طریق «سفارشی‌سازی الگوی استاندارد» ایجاد شده، چه مرحله اضافی‌ای دارد؟","پس از زدن دکمه «ذخیره»، لازم است تا نامی برای الگوی جدید مشخص شود."
"تفاوت عملکرد دکمه‌های «ذخیره» و «ذخیره جدید» هنگام ویرایش یک الگوی از قبل موجود چیست؟","دکمه «ذخیره» تغییرات را روی همان الگوی موجود اعمال می‌کند، در حالی که گزینه «ذخیره جدید» یک الگوی کاملاً جدید بر اساس تغییرات ایجاد می‌کند."
"در محیط طراحی الگو، چه بخش‌های اصلی یک گزارش برای تنظیمات در دسترس هستند؟","بخش‌های سربرگ، پابرگ و بدنه گزارش که حاوی جدول داده‌ها است، برای مشاهده و تنظیمات در دسترس هستند."
"برای تنظیم ابعاد آیتم‌ها در طراح الگو از چه واحدی استفاده می‌شود و چه پارامترهایی قابل تنظیم هستند؟","برای تنظیم سایز از واحد پیکسل استفاده می‌شود و امکان وارد کردن مقادیر عرض، ارتفاع و حاشیه‌های صفحه وجود دارد."
"کاربر پس از اتمام کار در محیط طراحی الگو، چگونه می‌تواند به صفحه لیست الگوها بازگردد؟","برای برگشت به صفحه «مدیریت الگوهای چاپ» می‌توان از علامت فهرست که در بالای صفحه قرار دارد استفاده کرد."
"علاوه بر ذخیره تغییرات و بازگشت به فهرست، چه قابلیت دیگری در صفحه طراحی الگو وجود دارد؟","در همین صفحه امکان ورود به محیط پیش‌نمایش گزارش نیز وجود دارد."
"در صفحه مدیریت الگوهای چاپ، فرآیند تغییر وضعیت یک الگو از فعال به غیرفعال و برعکس چگونه است؟","با فشردن لیبل «فعال» می‌توان وضعیت گزارش را به «غیرفعال» تغییر داد و بالعکس."
"غیرفعال کردن یک الگوی چاپ چه محدودیتی در زمان اجرای گزارش ایجاد می‌کند؟","الگوهای غیرفعال قابل استفاده نبوده و در زمان اجرای گزارش، در لیست الگوها نمایش داده نمی‌شوند."
"یک الگوی چاپ که وضعیت آن «غیرفعال» است، در کدام قابلیت دیگر سیستم نیز نمایش داده نخواهد شد؟","الگوهای غیرفعال در لیست الگوهای قابل استفاده در «ارتباط با گزارش دیگر» قابل مشاهده نیستند."
"چه پیامدی برای الگوهایی که وضعیتشان به ""غیرفعال"" تغییر می‌کند، وجود دارد؟","این الگوها قابل استفاده نیستند، در لیست الگوهای زمان اجرای گزارش نمایش داده نمی‌شوند و در لیست الگوهای قابل استفاده برای ""ارتباط با گزارش دیگر"" نیز مشاهده نمی‌گردند."
"برای هر گزارش مشخص، چه تعداد الگو را می‌توان به طور همزمان به عنوان الگوی پیش‌فرض چاپ تعیین کرد؟","در هر زمان تنها امکان انتخاب یک الگو به عنوان الگوی پیش‌فرض چاپ، برای هر گزارش وجود دارد."
"در لحظه ایجاد یک گزارش جدید، کدام الگو به صورت خودکار به عنوان پیش‌فرض انتخاب می‌شود؟","در ابتدای ایجاد گزارش جدید، الگوی استاندارد به عنوان گزینه پیش‌فرض در نظر گرفته می‌شود."
"چگونه می‌توان الگوی پیش‌فرض چاپ یک گزارش را از حالت استاندارد به یک الگوی دیگر تغییر داد؟","از طریق صفحه «مدیریت الگوهای چاپ» امکان تغییر و انتخاب الگویی دیگر به عنوان پیش‌فرض وجود خواهد داشت."
"تنظیم یک الگو به عنوان پیش‌فرض، چه تأثیری بر عملکرد دکمه «چاپ» در صفحه اجرای گزارش دارد؟","الگوی پیش‌فرض بر روی دکمه «چاپ» فعال شده و با فشردن این دکمه به صورت مستقیم، همان الگوی پیش‌فرض برای چاپ نمایش داده می‌شود."
"در فهرست ""گزارش‌ها"" چه اطلاعات اولیه‌ای برای هر گزارش قابل مشاهده است؟","اطلاعات اولیه مانند عنوان گزارش، تاریخ ایجاد، و ایجاد کننده آن برای هر گزارش نمایش داده شده است."
"برای ایجاد یک گزارش جدید از طریق صفحه فهرست گزارش‌ها، چه اقدامی باید انجام داد؟","از طریق فشردن دکمه ""جدید"" که در قسمت سمت چپ بالای صفحه قرار دارد، می‌توان وارد محیط ساخت گزارش جدید شد."
"قابلیت جستجو در فهرست گزارش‌ها بر اساس چه فیلدهایی عمل می‌کند؟","در حال حاضر امکان یافتن گزارش از طریق جستجوی عبارت مربوط به عنوان، تاریخ ایجاد و ایجادکننده وجود دارد."
"بخش ""گزارش‌های منتخب"" در صفحه مدیریت گزارش‌ها چه کاربردی دارد؟","از طریق گزارش‌های منتخب می‌توان به گزارش‌های پرکاربردی که توسط کاربر به ""موارد منتخب"" اضافه شده است، دسترسی داشت."
"با حرکت دادن موس بر روی یک گزارش در فهرست، چه گزینه‌هایی در انتهای ردیف آن ظاهر می‌شوند؟","گزینه‌های اجرا و اطلاعات تکمیلی (دکمه sidebar) قابل مشاهده است."
"با فشردن دکمه sidebar برای یک گزارش، چه اطلاعات تکمیلی نمایش داده می‌شود؟","اطلاعاتی شامل دسته‌بندی‌هایی که گزارش در آن قرار دارد، تعداد دفعات اجرای آن، نام اجرا کننده گزارش و لینک‌های مرتبط مانند الگوهای چاپی نمایش داده می‌شود."
"بخش ""دسته‌بندی"" در صفحه مدیریت گزارش‌ها چه امکانی را برای کاربر فراهم می‌کند؟","کاربر می‌تواند به دسته‌بندی‌های ایجاد شده برای کنترل و مشاهده بهتر گزارش‌ها دسترسی داشته و در صورت نیاز آن‌ها را ویرایش کند."
"چگونه می‌توان از طریق فهرست گزارش‌ها به الگوهای چاپی مرتبط با یک گزارش خاص دسترسی پیدا کرد؟","ابتدا باید روی گزارش مورد نظر دکمه sidebar را فشار داد، سپس در قسمت ""لینک‌های مرتبط"" که در پایین Sidebar قرار دارد، لینک ""الگوهای چاپی مرتبط"" را انتخاب نمود."
"چه تفاوتی بین فهرست اصلی گزارش‌ها و اطلاعات درون Sidebar از نظر سطح جزئیات وجود دارد؟","فهرست اصلی اطلاعات کلی و اولیه مانند عنوان و تاریخ ایجاد را نمایش می‌دهد، در حالی که Sidebar اطلاعات تکمیلی و جزئی‌تری مانند دفعات اجرا، دسته‌بندی‌ها و لینک به الگوهای چاپ را ارائه می‌دهد."
"این سیستم چه امکاناتی را برای سازماندهی و دسترسی سریع به گزارش‌ها ارائه می‌دهد؟","این سیستم سه امکان اصلی را ارائه می‌دهد: جستجو بر اساس عنوان، تاریخ و ایجادکننده، قابلیت دسته‌بندی گزارش‌ها، و امکان افزودن گزارش‌های پرکاربرد به ""گزارش‌های منتخب""."
"برای ورود به محیط اجرای گزارش چند روش وجود دارد؟","دسترسی به اجرای گزارش از دو طریق امکان پذیر است: یکی از صفحه ""مدیریت گزارش‌ها"" و دیگری از محیط ساخت/ویرایش گزارش."
"چگونه می‌توان یک گزارش را مستقیماً از صفحه ""مدیریت گزارش‌ها"" اجرا کرد؟","در صفحه ""مدیریت گزارش‌ها""، با حرکت دادن موس بر روی نام هر گزارش، آیکون ""اجرا"" در انتهای ردیف نمایان می‌شود که با کلیک بر روی آن می‌توان گزارش را اجرا کرد."
"در محیط ساخت یا ویرایش گزارش، گزینه ""اجرا"" در کجا قرار دارد؟","در قسمت بالا، سمت چپ صفحه، آیکون ""سه نقطه"" قرار دارد که با کلیک بر روی آن، منویی شامل گزینه ""اجرا"" نمایش داده می‌شود."
"چه شرطی برای اعمال و مشاهده تغییرات انجام شده روی یک گزارش در زمان اجرای آن وجود دارد؟","تمامی تنظیمات و تغییرات باید روی گزارش ذخیره شده باشند، در غیر این صورت، تغییرات ذخیره نشده در زمان اجرا نمایش داده نخواهند شد."
"اگر کاربری تغییراتی در یک گزارش ایجاد کند اما آن‌ها را ذخیره نکند، هنگام اجرای گزارش چه اتفاقی می‌افتد؟","تغییرات ذخیره نشده در زمان اجرا به کاربر نمایش داده نخواهد شد و گزارش با آخرین تنظیمات ذخیره شده اجرا می‌شود."
"هدف اصلی از دسته‌بندی کردن گزارش‌ها در یک سیستم چیست؟","وقتی تعداد گزارش‌ها زیاد می‌شود، دسته‌بندی به کاربران کمک می‌کند تا با گروه‌بندی گزارش‌های با موضوعات مشابه، راحت‌تر به آن‌ها دسترسی پیدا کرده و بهتر آن‌ها را درک و به کار گیرند."
"برای شروع فرآیند ایجاد، ویرایش یا حذف دسته‌بندی‌ها، کاربر باید چه اقدامی انجام دهد؟","کاربر باید بر روی گزینه «ویرایش» که در قسمت بالای سمت راست صفحه فهرست گزارش‌ها قرار دارد، کلیک کند تا مودال «ویرایش دسته‌بندی‌ها» باز شود."
"چهار عملیات مدیریتی که در مودال «ویرایش دسته‌بندی‌ها» قابل انجام است، کدامند؟","ایجاد دسته‌بندی جدید، ویرایش عنوان دسته‌بندی موجود، حذف دسته‌بندی با استفاده از آیکون سطل زباله، و تغییر ترتیب نمایش دسته‌بندی‌ها با کشیدن و رها کردن."
"مراحل افزودن یک یا چند گزارش به یک دسته‌بندی مشخص را شرح دهید.","ابتدا باید گزارش(های) مورد نظر را انتخاب کرد. با این کار گزینه «دسته‌بندی» در بالای صفحه فعال می‌شود. با فشردن این دکمه، مودال دسته‌بندی باز شده و می‌توان دسته‌بندی‌های مورد نظر را انتخاب و تغییرات را ذخیره کرد."
"گزارش‌هایی که در هیچ دسته‌بندی قرار ندارند، در کدام بخش قابل مشاهده هستند؟","این گزارش‌ها را می‌توان در قسمت «گزارشات بدون دسته‌بندی» مشاهده نمود."
"در مودال دسته‌بندی، سه علامت «مربع خالی»، «مربع با dash» و «مربع با تیک» هر کدام چه مفهومی دارند؟","«مربع خالی» نشان می‌دهد هیچ یک از گزارش‌های انتخابی در آن دسته نیستند. «مربع با dash» نشان می‌دهد حداقل یکی از گزارش‌های انتخابی در آن دسته است. «مربع با تیک» نشان می‌دهد همه گزارش‌های انتخابی در آن دسته قرار دارند."
"دو روش متفاوت برای مشاهده دسته‌بندی‌های یک گزارش خاص را توضیح دهید.","روش اول: انتخاب گزارش و فشردن دکمه «دسته‌بندی» در بالای صفحه. روش دوم: حرکت دادن موس روی گزارش و کلیک بر روی آیکون Sidebar که در کنار اطلاعات گزارش، دسته‌بندی‌ها را نیز نمایش می‌دهد."
"چگونه می‌توان ترتیب نمایش دسته‌بندی‌ها را در فهرست اصلی تغییر داد؟","در مودال «ویرایش دسته‌بندی‌ها»، باید از علامت «چند نقطه» در کنار نام هر دسته‌بندی برای کشیدن و رها کردن آن در جایگاه جدید استفاده کرد."
"برای حذف نهایی یک دسته‌بندی چه مراحلی باید طی شود؟","در مودال «ویرایش دسته‌بندی‌ها»، ابتدا روی علامت سطل زباله مقابل دسته‌بندی کلیک کرده و سپس برای نهایی شدن عمل، دکمه ذخیره را فشار می‌دهیم."
"آیا یک گزارش می‌تواند به طور همزمان در بیش از یک دسته‌بندی قرار گیرد؟","بله، امکان قرار دادن گزارش‌های انتخابی در چندین دسته‌بندی وجود دارد."
"کاربری پس از انتخاب چند گزارش، در مودال دسته‌بندی متوجه می‌شود که کنار نام یک دسته‌بندی، علامت مربع با dash وجود دارد. این علامت به چه معناست؟","این علامت نشان می‌دهد که حداقل یکی از گزارش‌هایی که کاربر انتخاب کرده است در این دسته‌بندی قرار دارد، اما تمام گزارش‌های انتخابی در این دسته نیستند."
"بین دو روش مشاهده دسته‌بندی‌های یک گزارش (روش Sidebar و روش دکمه «دسته‌بندی»)، کدام یک برای ویرایش سریع دسته‌بندی‌ها مناسب‌تر است؟","روش انتخاب گزارش و فشردن دکمه «دسته‌بندی» مناسب‌تر است، زیرا مستقیماً مودال مربوط به افزودن یا حذف گزارش از دسته‌بندی‌ها را باز می‌کند."
"قابلیت «گزارش‌های منتخب» چه مزیتی را برای کاربران فراهم می‌کند؟","این قابلیت به کاربر امکان می‌دهد تا دسترسی سریع و راحت‌تری به گزارش‌های مورد نظر خود داشته باشد."
"فرآیند افزودن یک یا چند گزارش به فهرست «گزارش‌های منتخب» را شرح دهید.","کاربر باید در فهرست گزارش‌ها، گزارش‌های مورد نظر خود را انتخاب کرده و سپس از قسمت بالای صفحه، با انتخاب علامت «ستاره»، گزینه «افزودن به گزارش‌های منتخب» را بزند."
"چگونه می‌توان به فهرست گزارش‌هایی که به عنوان منتخب علامت‌گذاری شده‌اند، دسترسی پیدا کرد؟","برای دسترسی به این گزارش‌ها، باید از قسمت سمت راست صفحه، گزینه «گزارش‌های منتخب» را انتخاب کرد."
"مراحل حذف یک گزارش از فهرست «گزارش‌های منتخب» چیست؟","ابتدا باید وارد بخش «گزارش‌های منتخب» شد، گزارش‌های مورد نظر را انتخاب کرد و سپس با کلیک بر روی علامت ستاره در گوشه سمت چپ صفحه، گزینه «حذف از گزارش‌های منتخب» را انتخاب نمود."
"چه تفاوتی در عملکرد دکمه «ستاره» هنگام افزودن به منتخب‌ها و حذف از منتخب‌ها وجود دارد؟","برای افزودن، ابتدا گزارش‌ها از فهرست اصلی انتخاب شده و سپس دکمه ستاره فشرده می‌شود. برای حذف، ابتدا وارد فهرست «گزارش‌های منتخب» شده، گزارش‌ها انتخاب شده و سپس دکمه ستاره فشرده می‌شود."
"برای انجام عمل حذف از منتخب‌ها، پیش‌شرط اولیه چیست؟","پیش‌شرط این است که ابتدا باید از طریق منوی سمت راست صفحه وارد لیست «گزارش‌های منتخب» شویم."



































